box_uniform,title,Title_wiki,Cast,Director,Distributor,Genre,bud_uniform,ROI,Profit margin,new_box_office,Genre_new,Tag,Year,Multiplier,IMDB_id,WIKI_url
797.34,Chhaava,Chhaava,"Vicky Kaushal, Akshaye Khanna, Rashmika Mandanna",Laxman Utekar,Pen Marudhar(India)Yash Raj Films(international),Epic Historical Action,130,5.13,667.34,797.34,Historical,,2025,,tt27922706,https://en.wikipedia.org/wiki/Chhaava
257.88,Sitaare Zameen Par,Sitaare Zameen Par,"Aamir Khan, Genelia D'Souza",R. S. Prasanna,PVR Inox Pictures(India)AA Films(international),Sports Comedy Drama,90,1.87,167.88,257.88,Comedy-drama,,2025,,tt29471573,https://en.wikipedia.org/wiki/Sitaare_Zameen_Par
255.65,Saiyaara,Saiyaara,"Ahaan Pandey, Aneet Padda",Mohit Suri,Yash Raj Films,musical romantic drama film ,40,5.39,215.65,255.65,Romance,,2025,,tt28037987,https://en.wikipedia.org/wiki/Saiyaara
875,Stree 2,Stree 2,"Shraddha Kapoor, Rajkummar Rao, Pankaj Tripathi, Abhishek Banerjee, Aparshakti Khurana, Tamannaah Bhatia, Varun Dhawan",Amar Kaushik,PVR Inox PicturesPen Marudhar,2024 Indian Hindi-Language Comedy Horror,50,16.50,825,875.0,Comedy,,2024,1.00,tt27510174,https://en.wikipedia.org/wiki/Stree_2
423.85,Bhool Bhulaiyaa 3,Bhool Bhulaiyaa 3,"Kartik Aaryan, Vidya Balan, Madhuri Dixit, Triptii Dimri",Anees Bazmee,AA Films,2024 Indian Hindi-Language Comedy Horror,150,1.83,273.85,423.9,Comedy,,2024,1.00,tt26932223,https://en.wikipedia.org/wiki/Bhool_Bhulaiyaa_3
211.06,Shaitaan,Shaitaan,"Ajay Devgn, R. Madhavan, Jyothika, Janki Bodiwala, Anngad Raaj",Vikas Bahl,Panorama Studios,Supernatural Horror,60,2.52,151.06,211.1,Horror,,2024,1.00,tt0398320,https://en.wikipedia.org/wiki/Shaitaan_(2024_film)
133.64,Teri Baaton Mein Aisa Uljha Jiya,Teri Baaton Mein Aisa Uljha Jiya,"Kriti Sanon, Shahid Kapoor",Amit JoshiAradhana Sah,Pen Marudhar Entertainment,Science Fiction Romantic Comedy,45.85,1.91,87.79,133.6,Rom-com,,2024,1.00,tt27459160,https://en.wikipedia.org/wiki/Teri_Baaton_Mein_Aisa_Uljha_Jiya
132.13,Munjya,Munjya,"Abhay Verma, Sharvari, Sathyaraj, Mona Singh",Aditya Sarpotdar,Pen Marudhar,2024 Indian Hindi-Language Comedy Horror,30,3.40,102.13,132.1,Comedy,,2024,1.00,tt27995594,https://en.wikipedia.org/wiki/Munjya_(film)
110.57,Article 370,Article 370,"Yami Gautam Dhar, Priyamani",Aditya Suhas Jambhale,PVR Inox Pictures,Political Action Thriller,20,4.53,90.57,110.6,Political,,2024,1.00,tt30970235,https://en.wikipedia.org/wiki/Article_370_(film)
1160,Jawan,Jawan,"Shah Rukh Khan, Nayanthara, Vijay Sethupathi",Atlee,see below,23 Indian Hindi-Language Action Thriller,300,2.87,860,1217.5,Action,,2023,1.05,tt15354916,https://en.wikipedia.org/wiki/Jawan_(film)
917.82,Animal,Animal,"Ranbir Kapoor, Anil Kapoor, Bobby Deol, Rashmika Mandanna, Triptii Dimri",Sandeep Reddy Vanga,see below,2023 Indian Hindi-Language Action Drama,100,8.18,817.82,963.3,Action,,2023,1.05,tt13751694,https://en.wikipedia.org/wiki/Animal_(2023_Indian_film)
691.08,Gadar 2,Gadar 2,"Sunny Deol, Ameesha Patel, Utkarsh Sharma, Simrat Kaur, Gaurav Chopra, Manish Wadhwa",Anil Sharma,Zee Studios,Period Action Drama,60,10.52,631.08,725.3,Action,,2023,1.05,tt15441054,https://en.wikipedia.org/wiki/Gadar_2
470.6,Dunki,Dunki,"Taapsee Pannu, Shah Rukh Khan, Boman Irani, Vikram Kochhar, Anil Grover",Rajkumar Hirani,see below,Adventure Comedy Drama,85,4.54,385.6,493.9,Comedy-drama,,2023,1.05,tt15428134,https://en.wikipedia.org/wiki/Dunki_(film)
355.61,Rocky Aur Rani Kii Prem Kahaani,Rocky Aur Rani Kii Prem Kahaani,"Dharmendra, Jaya Bachchan, Aamir Bashir, Shabana Azmi, Ranveer Singh, Alia Bhatt",Karan Johar,Viacom18 Studios,Romantic Comedy Family Drama,160,1.22,195.61,373.2,Rom-com,,2023,1.05,tt14993250,https://en.wikipedia.org/wiki/Rocky_Aur_Rani_Kii_Prem_Kahaani
303.97,The Kerala Story,The Kerala Story,"Adah Sharma, Yogita Bihani, Sonia Balani, Siddhi Idnani",Sudipto Sen,,Ry Is A 2023 Indian Hindi-Language Drama,15,19.26,288.97,319.0,Political,,2023,1.05,tt24268454,https://en.wikipedia.org/wiki/The_Kerala_Story
221.08,OMG 2,OMG 2,"Akshay Kumar, Pankaj Tripathi, Yami Gautam",Amit Rai,Viacom18 Studios,2023 Indian Hindi-Language Comedy-Drama,50,3.42,171.08,232.0,Comedy-drama,,2023,1.05,tt15732324,https://en.wikipedia.org/wiki/OMG_2
140.56,Dream Girl 2,Dream Girl 2,"Ayushman Khurana, Ananya Panday, Paresh Rawal, Annu Kapoor, Vijay Raaz",Raaj Shaandilyaa,Pen Marudhar Entertainment,2023 Indian Hindi-Language Comedy-Drama,35,3.02,105.56,147.5,Comedy,,2023,1.05,tt22086334,https://en.wikipedia.org/wiki/Dream_Girl_2
128.17,Sam Bahadur,Sam Bahadur,"Vicky Kaushal, Fatima Sana Shaikh, Sanya Malhotra",Meghna Gulzar,,Biographical War Drama,55,1.33,73.17,134.5,Drama,,2023,1.05,tt10786774,https://en.wikipedia.org/wiki/Sam_Bahadur_(film)
115.89,Zara Hatke Zara Bachke,Zara Hatke Zara Bachke,"Vicky Kaushal, Sara Ali Khan",Laxman Utekar,Pen Marudhar Cine Entertainment[1],Is A 2023 Hindi-Language Romantic Comedy,40,1.90,75.89,121.6,Rom-com,,2023,1.05,tt15576460,https://en.wikipedia.org/wiki/Zara_Hatke_Zara_Bachke
345,Drishyam 2,Drishyam 2,"Ajay Devgn, Akshaye Khanna, Tabu, Shriya Saran, Ishita Dutta, Mrunal Jadhav, Rajat Kapoor",Abhishek Pathak,Panorama Studios,022 Indian Hindi-Language Crime Thriller,50,5.90,295,382.5,Thriller,,2022,1.11,tt15501640,https://en.wikipedia.org/wiki/Drishyam_2_(2022_film)
340.92,The Kashmir Files,The Kashmir Files,"Mithun Chakraborty, Anupam Kher, Darshan Kumar, Pallavi Joshi, Chinmay Mandlekar, Bhasha Sumbli",Vivek Agnihotri,Zee Studios,Es Is A 2022 Indian Hindi-Language Drama,15,21.73,325.92,378.0,Political,,2022,1.11,tt10811166,https://en.wikipedia.org/wiki/The_Kashmir_Files
266.88,Bhool Bhulaiyaa 2,Bhool Bhulaiyaa 2,"Tabu, Kartik Aaryan, Kiara Advani",Anees Bazmee,Balaji Motion PicturesEros International,Psychological Horror Comedy,65,3.11,201.88,295.9,Comedy,,2022,1.11,tt6455162,https://en.wikipedia.org/wiki/Bhool_Bhulaiyaa_2
209.77,Gangubai Kathiawadi,Gangubai Kathiawadi,"Alia Bhatt, Shantanu Maheshwari, Vijay Raaz, Indira Tiwari, Seema Pahwa, Jim Sarbh, Ajay Devgn",Sanjay Leela Bhansali,Pen Marudhar Entertainment,Biographical Crime Drama,100,1.10,109.77,232.6,Drama,Maybe,2022,1.11,tt10083340,https://en.wikipedia.org/wiki/Gangubai_Kathiawadi
367.65,Tanhaji: The Unsung Warrior,Tanhaji,"Ajay Devgn, Kajol, Saif Ali Khan",Om Raut,AA Films,Epic Historical Action,125,1.94,242.65,457.3,Historical,,2020,1.24,tt8108274,https://en.wikipedia.org/wiki/Tanhaji
475.62,War,War,"Hrithik Roshan, Tiger Shroff, Vaani Kapoor, Ashutosh Rana",Siddharth Anand,Yash Raj Films,19 Indian Hindi-Language Action Thriller,170,1.80,305.62,630.8,Action,,2019,1.33,tt7430722,https://en.wikipedia.org/wiki/War_(2019_film)
379,Kabir Singh,Kabir Singh,"Shahid Kapoor, Kiara Advani",Sandeep Reddy Vanga,AA Films,019 Indian Hindi-Language Romantic Drama,60,5.32,319,502.6,Romance-drama,,2019,1.33,tt8983202,https://en.wikipedia.org/wiki/Kabir_Singh
342.06,Uri: The Surgical Strike,Uri: The Surgical Strike,"Vicky Kaushal, Yami Gautam, Paresh Rawal, Kirti Kulhari, Mohit Raina",Aditya Dhar,RSVP Movies,Military War Action,44,6.77,298.06,453.6,Action,,2019,1.33,tt8291224,https://en.wikipedia.org/wiki/Uri:_The_Surgical_Strike
318.57,Good Newwz,Good Newwz,"Akshay Kumar, Kareena Kapoor Khan, Diljit Dosanjh, Kiara Advani",Raj Mehta,Zee Studios,Good Newwz Is A 2019 Indian Comedy,70,3.55,248.57,422.5,Comedy,,2019,1.33,tt8504014,https://en.wikipedia.org/wiki/Good_Newwz
290.59,Mission Mangal,Mission Mangal,"Akshay Kumar, Vidya Balan, Sonakshi Sinha, Taapsee Pannu, Nithya Menen, Kirti Kulhari, Sharman Joshi",Jagan Shakti,Fox Star Studios,Is A 2019 Indian Drama,40,6.26,250.59,385.4,Drama,,2019,1.33,tt9248972,https://en.wikipedia.org/wiki/Mission_Mangal
238.16,Gully Boy,Gully Boy,"Ranveer Singh, Alia Bhatt, Siddhant Chaturvedi",Zoya Akhtar,Cinestaan AA Distributors,2019 Indian Hindi-Language Musical Drama,60,2.97,178.16,315.8,Drama,,2019,1.33,tt2395469,https://en.wikipedia.org/wiki/Gully_Boy
228.27,Total Dhamaal,Total Dhamaal,"Ajay Devgn, Anil Kapoor, Madhuri Dixit, Riteish Deshmukh, Arshad Warsi, Jaaved Jaffrey, Johnny Lever, Sanjay Mishra, Boman Irani",Indra Kumar,Fox Star Studios,9 Indian Hindi-Language Adventure Comedy,90,1.54,138.27,302.7,Comedy,,2019,1.33,tt7639372,https://en.wikipedia.org/wiki/Total_Dhamaal
208.93,Super 30,Super 30,"Hrithik Roshan, Mrunal Thakur, Nandish Sandhu, Virendra Saxena, Pankaj Tripathi, Aditya Srivastava, Amit Sadh",Vikas Bahl,Reliance Entertainment,Biographical Drama,60,2.48,148.93,277.1,Drama,,2019,1.33,tt7485048,https://en.wikipedia.org/wiki/Super_30_(film)
207.09,Kesari,Kesari,"Akshay Kumar, Parineeti Chopra",Anurag Singh,Zee Studios,Historical War Action,80,1.59,127.09,274.6,Historical,,2019,1.33,tt6264938,https://en.wikipedia.org/wiki/Kesari_(2019_film)
200.8,Dream Girl,Dream Girl,"Ayushmann Khurrana, Nushrratt Bharuccha",Raaj Shaandilyaa,Pen Marudhar Entertainment[1],2019 Indian Hindi-Language Comedy-Drama,28,6.17,172.8,266.3,Comedy,,2019,1.33,tt0157556,https://en.wikipedia.org/wiki/Dream_Girl_(2019_film)
172,Bala,Bala,"Ayushmann Khurrana, Bhumi Pednekar, Yami Gautam",Amar Kaushik,AA Films,S A 2019 Hindi-Language Satirical Comedy,25,5.88,147,228.1,Comedy,,2019,1.33,tt9420648,https://en.wikipedia.org/wiki/Bala_(2019_film)
138.5,Badla,Badla,"Amitabh Bachchan, Taapsee Pannu, Amrita Singh",Sujoy Ghosh,AA Films,9 Indian Hindi-Language Mystery Thriller,10,12.85,128.5,183.7,Thriller,,2019,1.33,tt0357459,https://en.wikipedia.org/wiki/Badla_(2019_film)
128.6,Luka Chuppi,Luka Chuppi,"Kartik Aaryan, Kriti Sanon",Laxman Utekar,AA Films,19 Indian Hindi-Language Romantic Comedy,25,4.14,103.6,170.5,Rom-com,,2019,1.33,tt8908002,https://en.wikipedia.org/wiki/Luka_Chuppi
117.7,Pati Patni Aur Woh,Pati Patni Aur Woh,"Kartik Aaryan, Bhumi Pednekar, Ananya Panday",Mudassar Aziz,AA Films,19 Indian Hindi-Language Romantic Comedy,45,1.62,72.7,156.1,Rom-com,,2019,1.33,tt0158845,https://en.wikipedia.org/wiki/Pati_Patni_Aur_Woh_(2019_film)
578.4,Sanju,Sanju,Ranbir Kapoor,Rajkumar Hirani,Fox Star Studios,Biographical Comedy Drama,96,5.03,482.4,795.7,Drama,,2018,1.38,tt6452574,https://en.wikipedia.org/wiki/Sanju
563.54,Padmaavat,Padmaavat,"Deepika Padukone, Shahid Kapoor, Ranveer Singh, Aditi Rao Hydari",Sanjay Leela Bhansali,Viacom18 Motion Pictures,8 Indian Hindi-Language Historical Drama,215,1.62,348.54,775.2,Historical,,2018,1.38,tt5935704,https://en.wikipedia.org/wiki/Padmaavat
391.7,Simmba,Simmba,"Ranveer Singh, Sonu Sood, Sara Ali Khan",Rohit Shetty,Reliance Entertainment,2018 Indian Hindi-Language Action Comedy,139,1.82,252.7,538.8,Action,,2018,1.38,tt7212726,https://en.wikipedia.org/wiki/Simmba
254.33,Baaghi 2,Baaghi 2,"Tiger Shroff, Disha Patani, Manoj Bajpayee, Darshan Kumar, Prateik Babbar, Randeep Hooda, Deepak Dobriyal, Arravya Sharma",Ahmed Khan,Fox Star Studios,18 Indian Hindi-Language Action Thriller,59,3.31,195.33,349.9,Action,,2018,1.38,tt6843812,https://en.wikipedia.org/wiki/Baaghi_2
219.54,Badhaai Ho,Badhaai Ho,"Ayushmann Khurrana, Neena Gupta, Gajraj Rao, Surekha Sikri, Sanya Malhotra, Shardhul Rana",Amit Ravindrenath Sharma,AA Films,2018 Indian Hindi-Language Comedy Drama,29,6.57,190.54,302.0,Comedy,,2018,1.38,tt7725596,https://en.wikipedia.org/wiki/Badhaai_Ho
201.14,Padman,Pad Man,"Akshay Kumar, Sonam Kapoor, Radhika Apte",R. Balki,Sony Pictures Releasing,social comedy-drama,76,1.65,125.14,276.7,Drama,,2018,1.38,tt7218518,https://en.wikipedia.org/wiki/Pad_Man_(film)
193.57,Raazi,Raazi,"Alia Bhatt, Vicky Kaushal, Jaideep Ahlawat",Meghna Gulzar,AA Films,2018 Indian Hindi-Language Spy Thriller,38,4.09,155.57,266.3,Thriller,,2018,1.38,tt7098658,https://en.wikipedia.org/wiki/Raazi
171.68,Stree,Stree,"Shraddha Kapoor, Rajkummar Rao, Pankaj Tripathi, Aparshakti Khurana, Abhishek Banerjee",Amar Kaushik,AA Films,2018 Indian Hindi-Language Comedy Horror,24,6.15,147.68,236.2,Comedy,,2018,1.38,tt8108202,https://en.wikipedia.org/wiki/Stree_(2018_film)
148,Sonu Ke Titu Ki Sweety,Sonu Ke Titu Ki Sweety,"Kartik Aaryan, Nushrat Bharucha, Sunny Singh",Luv Ranjan,AA Films,18 Indian Hindi-Language Romantic Comedy,40,2.70,108,203.6,Rom-com,,2018,1.38,tt7581902,https://en.wikipedia.org/wiki/Sonu_Ke_Titu_Ki_Sweety
145.71,Raid,Raid,"Ajay Devgn, Ileana D'Cruz, Saurabh Shukla, Saanand Verma",Raj Kumar Gupta,Viacom 18 Motion Pictures(India)Eros International(International),018 Indian Hindi-Language Crime Thriller,72,1.02,73.71,200.4,Thriller,,2018,1.38,tt7363076,https://en.wikipedia.org/wiki/Raid_(2018_film)
137.97,Veere Di Wedding,Veere Di Wedding,"Kareena Kapoor Khan, Sonam Kapoor, Swara Bhasker, Shikha Talsania",Shashanka Ghosh,Zee Studios,Female Buddy Comedy,42,2.29,95.97,189.8,Comedy,,2018,1.38,tt5842616,https://en.wikipedia.org/wiki/Veere_Di_Wedding
114.33,Andhadhun,Andhadhun,"Tabu, Ayushmann Khurrana, Radhika Apte",Sriram Raghavan,Viacom 18 Motion Pictures,black comedy crime thriller film ,32,2.57,82.33,157.3,Thriller,,2018,1.38,tt8108198,https://en.wikipedia.org/wiki/Andhadhun
111.78,Dhadak,Dhadak,"Ishaan Khatter, Janhvi Kapoor",Shashank Khaitan,Zee Studios through Cinekorn Entertainment andPVR Pictures(India)Zee Studios International(Overseas),Is A 2018 Indian Hindi-Language Romance,41,1.73,70.78,153.8,Romance,,2018,1.38,tt7638344,https://en.wikipedia.org/wiki/Dhadak
108.25,Satyameva Jayate,Satyameva Jayate,"John Abraham, Manoj Bajpayee, Aisha Sharma, Amruta Khanvilkar",Milap Zaveri,,Vigilante Action Thriller,45,1.41,63.25,148.9,Action,,2018,1.38,tt8202612,https://en.wikipedia.org/wiki/Satyameva_Jayate_(2018_film)
858.42,Secret Superstar,Secret Superstar,"Zaira Wasim, Aamir Khan, Meher Vij, Raj Arjun",Advait Chandan,Zee Studios International(Overseas),Ar Is A 2017 Indian Musical Comedy-Drama,45,18.08,813.42,1227.4,Comedy-drama,,2017,1.43,tt6108090,https://en.wikipedia.org/wiki/Secret_Superstar
565,Tiger Zinda Hai,Tiger Zinda Hai,"Salman Khan, Katrina Kaif, Sajjad Delafrooz, Angad Bedi, Kumud Mishra, Girish Karnad, Paresh Rawal",Ali Abbas Zafar,Yash Raj Films,7 Indian Hindi-Language Action  Thriller,210,1.69,355,807.9,Action,,2017,1.43,tt5956100,https://en.wikipedia.org/wiki/Tiger_Zinda_Hai
316.96,Hindi Medium,Hindi Medium,"Irrfan Khan, Saba Qamar, Dishita Sehgal, Deepak Dobriyal, Amrita Singh",Saket Chaudhary,AA FilmsZee Studios International,2017 Indian Hindi-Language Comedy-Drama,23,12.78,293.96,453.2,Comedy-drama,,2017,1.43,tt5764096,https://en.wikipedia.org/wiki/Hindi_Medium
296.84,Toilet: Ek Prem Katha,Toilet: Ek Prem Katha,"Akshay Kumar, Bhumi Pednekar",Shree Narayan Singh,Viacom18 Motion Pictures (India)Reliance Entertainment(Overseas),2017 Indian Hindi-Language Comedy-Drama,75,2.96,221.84,424.4,Comedy-drama,,2017,1.43,tt5785170,https://en.wikipedia.org/wiki/Toilet:_Ek_Prem_Katha
206.64,Judwaa 2,Judwaa 2,"Varun Dhawan, Jacqueline Fernandez, Taapsee Pannu, Sachin Khedekar, Zakir Hussain",David Dhawan,Fox Star Studios,2017 Indian Hindi-Language Action Comedy,63,2.28,143.64,295.5,Action,,2017,1.43,tt5456546,https://en.wikipedia.org/wiki/Judwaa_2
194.81,Badrinath Ki Dulhania,Badrinath Ki Dulhania,"Varun Dhawan, Alia Bhatt",Shashank Khaitan,Fox Star Studios,Is A 2017 Indian Romantic Comedy,44,3.43,150.81,278.5,Rom-com,,2017,1.43,tt6277440,https://en.wikipedia.org/wiki/Badrinath_Ki_Dulhania
182.73,Jolly LLB 2,Jolly LLB 2,"Akshay Kumar, Annu Kapoor, Huma Qureshi, Saurabh Shukla",Subhash Kapoor,Fox Star Studios,Black Comedy Legal Drama,83,1.20,99.73,261.3,Comedy-drama,,2017,1.43,tt5982852,https://en.wikipedia.org/wiki/Jolly_LLB_2
171.12,Mom,Mom,"Sridevi, Sajal Aly, Akshaye Khanna, Nawazuddin Siddiqui, Adnan Siddiqui",Ravi Udyawar,Zee StudiosPVR PicturesZee Studios International,017 Indian Hindi-Language Crime Thriller,37,3.62,134.12,244.7,Thriller,,2017,1.43,tt5690142,https://en.wikipedia.org/wiki/Mom_(film)
112.3,Fukrey Returns,Fukrey Returns,"Pulkit Samrat, Manjot Singh, Ali Fazal, Varun Sharma, Priya Anand, Vishakha Singh, Pankaj Tripathi, Rajiv Gupta, Richa Chadda",Mrighdeep Singh Lamba,AA Films,Is A 2017 Indian Hindi-Language  Comedy,29,2.87,83.3,160.6,Comedy,,2017,1.43,tt6712014,https://en.wikipedia.org/wiki/Fukrey_Returns
2023.8,Dangal,Dangal,"Aamir Khan, Sakshi Tanwar, Fatima Sana Shaikh, Zaira Wasim, Sanya Malhotra, Suhani Bhatnagar, Aparshakti Khurana",Nitesh Tiwari,UTV Motion Pictures,Biographical Sports Drama,132,14.33,1891.8,2990.0,Drama,,2016,1.48,tt5074352,https://en.wikipedia.org/wiki/Dangal_(2016_film)
615.7,Sultan,Sultan,"Salman Khan, Anushka Sharma, Randeep Hooda, Amit Sadh",Ali Abbas Zafar,Yash Raj Films,2016 Indian Hindi-Language Sports Drama,145,3.25,470.7,909.7,Drama,,2016,1.48,tt4832640,https://en.wikipedia.org/wiki/Sultan_(2016_film)
229.56,Ae Dil Hai Mushkil,Ae Dil Hai Mushkil,"Ranbir Kapoor, Anushka Sharma, Aishwarya Rai Bachchan",Karan Johar,Fox Star Studios(India)Magic Cloud Media & Entertainment(Overseas),Musical Romantic Drama,98,1.34,131.56,339.2,Romance,,2016,1.48,tt4559006,https://en.wikipedia.org/wiki/Ae_Dil_Hai_Mushkil
214,Rustom,Rustom,"Akshay Kumar, Ileana D'Cruz, Esha Gupta, Arjan Bajwa, Pavan Malhotra, Kumud Mishra, Usha Nadkarni",Tinu Suresh Desai,Panorama StudiosZee Studios International,016 Indian Hindi-Language Crime Thriller,73,1.93,141,316.2,Thriller,,2016,1.48,tt0213206,https://en.wikipedia.org/wiki/Rustom_(film)
209.97,Airlift,Airlift,"Akshay Kumar, Nimrat Kaur",Raja Krishna Menon,Prateek Entertainments (India)B4U Motion Pictures(International),Political Thriller,68,2.09,141.97,310.2,Political,,2016,1.48,tt4387040,https://en.wikipedia.org/wiki/Airlift_(film)
189.82,M.S. Dhoni: The Untold Story,M.S. Dhoni: The Untold Story,"Sushant Singh Rajput, Disha Patani, Kiara Advani, Anupam Kher, Bhumika Chawla, Kranti Prakash Jha, Alok Pandey",Neeraj Pandey,Fox Star Studios,Biographical Sports Drama,110,0.73,79.82,280.4,Drama,,2016,1.48,tt4169250,https://en.wikipedia.org/wiki/M.S._Dhoni:_The_Untold_Story
143,Kapoor & Sons,Kapoor & Sons (Since 1921),"Rishi Kapoor, Sidharth Malhotra, Fawad Khan, Alia Bhatt, Ratna Pathak Shah, Rajat Kapoor",Shakun Batra,Fox Star Studios,Family Comedy-Drama,38,2.76,105,211.3,Comedy-drama,,2016,1.48,tt4900716,https://en.wikipedia.org/wiki/Kapoor_&_Sons
138.91,Dear Zindagi,Dear Zindagi,"Alia Bhatt, Shah Rukh Khan",Gauri Shinde,NH Studioz,Coming-Of-Age Comedy-Drama,46,2.02,92.91,205.2,Comedy-drama,,2016,1.48,tt5946128,https://en.wikipedia.org/wiki/Dear_Zindagi
126.96,Baaghi,Baaghi,"Tiger Shroff, Shraddha Kapoor, Sudheer Babu",Sabbir Khan,UTV Motion Pictures,16 Indian Hindi-Language Action Thriller,37,2.43,89.96,187.6,Action,,2016,1.48,tt0326745,https://en.wikipedia.org/wiki/Baaghi_(2016_film)
118.71,Neerja,Neerja,Sonam Kapoor,Ram Madhvani,Fox Star Studios,Biographical Thriller,28,3.24,90.71,175.4,Thriller,,2016,1.48,tt5286444,https://en.wikipedia.org/wiki/Neerja
108.87,Pink,Pink,"Amitabh Bachchan, Taapsee Pannu, Kirti Kulhari, Andrea Tariang, Vijay Varma, Angad Bedi, Tushar Pandey, Dhritiman Chatterjee, Piyush Mishra, Mamata Shankar",Aniruddha Roy Chowdhury,,016 Indian Hindi-Language Legal Thriller,29,2.75,79.87,160.8,Thriller,,2016,1.48,tt5571734,https://en.wikipedia.org/wiki/Pink_(2016_film)
910.28,Bajrangi Bhaijaan,Bajrangi Bhaijaan,"Salman Khan, Harshaali Malhotra, Kareena Kapoor Khan, Nawazuddin Siddiqui",Kabir Khan,Eros International,2015 Indian Hindi-Language Comedy-Drama,125,6.28,785.28,1411.4,Comedy-drama,,2015,1.55,tt3863552,https://en.wikipedia.org/wiki/Bajrangi_Bhaijaan
356.2,Bajirao Mastani,Bajirao Mastani,"Ranveer Singh, Deepika Padukone, Priyanka Chopra",Sanjay Leela Bhansali,Eros International,Epic Historical Tragedy,145,1.46,211.2,552.3,Historical,,2015,1.55,tt3735246,https://en.wikipedia.org/wiki/Bajirao_Mastani
243.6,Tanu Weds Manu Returns,Tanu Weds Manu Returns,"R. Madhavan, Kangana Ranaut, Jimmy Sheirgill, Swara Bhaskar, Deepak Dobriyal",Aanand L. Rai,Eros International,Returns Is A 2015 Indian Romantic Comedy,39,5.25,204.6,377.7,Rom-com,,2015,1.55,tt2140465,https://en.wikipedia.org/wiki/Tanu_Weds_Manu_Returns
158.31,Any Body Can Dance 2,ABCD 2,"Prabhu Deva, Varun Dhawan, Shraddha Kapoor, Sushant Pujari, Lauren Gottlieb, Raghav Juyal, Punit Pathak, Dharmesh Yelande",Remo D'Souza,UTV Motion Pictures,Is A 2015 Indian Hindi-Language Dance,65,1.44,93.31,245.5,Drama,,2015,1.55,tt3679000,https://en.wikipedia.org/wiki/ABCD_2
141,Piku,Piku,"Amitabh Bachchan, Deepika Padukone, Irrfan Khan",Shoojit Sircar,Yash Raj Films,2015 Indian Hindi-Language Comedy Drama,42,2.36,99,218.6,Comedy-drama,,2015,1.55,tt3767372,https://en.wikipedia.org/wiki/Piku
769.89,PK,PK,"Aamir Khan, Anushka Sharma, Sushant Singh Rajput, Boman Irani, Saurabh Shukla, Sanjay Dutt",Rajkumar Hirani,UTV Motion Pictures,Science Fiction Comedy-Drama,122,5.31,647.89,1252.3,Comedy-drama,,2014,1.63,tt2338151,https://en.wikipedia.org/wiki/PK_(film)
351.8,Kick,Kick,"Salman Khan, Jacqueline Fernandez, Randeep Hooda, Nawazuddin Siddiqui, Mithun Chakraborty",Sajid Nadiadwala,UTV Motion Pictures,2014 Indian Hindi-Language Action Comedy,140,1.51,211.8,572.2,Action,,2014,1.63,tt2372222,https://en.wikipedia.org/wiki/Kick_(2014_film)
342,Happy New Year,Happy New Year,"Deepika Padukone, [, 1, ], Shah Rukh Khan, Abhishek Bachchan, Sonu Sood, Boman Irani, Vivaan Shah, Jackie Shroff",Farah Khan,Yash Raj Films,2014 Indian Hindi-Language Action Comedy,150,1.28,192,556.3,Comedy,,2014,1.63,tt2461132,https://en.wikipedia.org/wiki/Happy_New_Year_(2014_film)
216.6,Singham Returns,Singham Returns,"Ajay Devgn, Kareena Kapoor Khan",Rohit Shetty,Reliance Entertainment,S Is A 2014 Indian Hindi Language Action,105,1.06,111.6,352.3,Action,,2014,1.63,tt2309764,https://en.wikipedia.org/wiki/Singham_Returns
176.4,Holiday,Holiday: A Soldier Is Never Off Duty,"Akshay Kumar, Sonakshi Sinha, Freddy Daruwala, Sumeet Raghavan",A. R. Murugadoss,Reliance Entertainment,14 Indian Hindi-Language Action Thriller,86,1.05,90.4,286.9,Thriller,,2014,1.63,tt0461062,https://en.wikipedia.org/wiki/Holiday:_A_Soldier_Is_Never_Off_Duty
173,2 States,2 States,"Arjun Kapoor, Alia Bhatt",Abhishek Varman,UTV Motion Pictures,Romantic Comedy-Drama,45,2.84,128,281.4,Rom-com,,2014,1.63,tt2372678,https://en.wikipedia.org/wiki/2_States_(2014_film)
153.18,Ek Villain,EK Villain,"Riteish Deshmukh, Siddharth Malhotra, Shraddha Kapoor, Shaad Randhawa",Mohit Suri,AA Films,Romantic Action Thriller,39,2.93,114.18,249.2,Thriller,,2014,1.63,tt3175038,https://en.wikipedia.org/wiki/Ek_Villain
119.82,Gunday,Gunday,"Ranveer Singh, Arjun Kapoor, Priyanka Chopra, Irrfan Khan",Ali Abbas Zafar,Yash Raj Films,Period Action Drama,51,1.35,68.82,194.9,Action,,2014,1.63,tt2574698,https://en.wikipedia.org/wiki/Gunday
110.76,Humpty Sharma Ki Dulhania,Humpty Sharma Ki Dulhania,"Varun Dhawan, Alia Bhatt, Sidharth Shukla",Shashank Khaitan,AA Films(India)Reliance Entertainment[1](Overseas),14 Indian Hindi-Language Romantic Comedy,33,2.36,77.76,180.2,Rom-com,,2014,1.63,tt3678938,https://en.wikipedia.org/wiki/Humpty_Sharma_Ki_Dulhania
97.41,Queen,Queen,"Kangana Ranaut, Rajkummar Rao, Lisa Haydon",Vikas Bahl,Viacom18 Motion Pictures,2014 Indian Hindi-Language Comedy-Drama,23,3.24,74.41,169.0,Comedy-drama,,2014,1.74,tt3322420,https://en.wikipedia.org/wiki/Queen_(2013_film)
524.37,Dhoom 3,Dhoom 3,"Aamir Khan, Abhishek Bachchan, Uday Chopra, Jackie Shroff, Katrina Kaif",Vijay Krishna Acharya,Yash Raj Films,2013 Indian Hindi-Language Heist Action,175,2.00,349.37,909.8,Action,,2013,1.74,tt1833673,https://en.wikipedia.org/wiki/Dhoom_3
395.92,Chennai Express,Chennai Express,"Deepika Padukone, Shah Rukh Khan",Rohit Shetty,UTV Motion Pictures[2],2013 Indian Hindi-Language Action Comedy,115,2.44,280.92,686.9,Action-comedy,,2013,1.74,tt2112124,https://en.wikipedia.org/wiki/Chennai_Express
295.61,Yeh Jawaani Hai Deewani,Yeh Jawaani Hai Deewani,"Ranbir Kapoor, Deepika Padukone, Aditya Roy Kapur, Kalki Koechlin",Ayan Mukerji,UTV Motion Pictures,Coming-Of-Age Romantic Comedy,75,2.94,220.61,512.9,Rom-com,,2013,1.74,tt2178470,https://en.wikipedia.org/wiki/Yeh_Jawaani_Hai_Deewani
291.52,Krrish 3,Krrish 3,"Hrithik Roshan, Vivek Oberoi, Priyanka Chopra, Kangana Ranaut",Rakesh Roshan,Filmkraft Productions Pvt. Ltd (Domestic)Eros International(Overseas),Superhero Action Thriller,95,2.07,196.52,505.8,Action,,2013,1.74,tt1029231,https://en.wikipedia.org/wiki/Krrish_3
201.48,Goliyon Ki Raasleela Ram-leela,Goliyon Ki Raasleela Ram-Leela,"Deepika Padukone, Ranveer Singh",Sanjay Leela Bhansali,Eros International,language romantic tragedy film,88,1.29,113.48,349.6,Romance,,2013,1.74,tt2215477,https://en.wikipedia.org/wiki/Goliyon_Ki_Raasleela_Ram-Leela
163.78,Bhaag Milkha Bhaag,Bhaag Milkha Bhaag,Farhan Akhtar,Rakeysh Omprakash Mehra,Viacom 18 Motion Pictures,Biographical Sports Drama,53,2.09,110.78,284.2,Drama,,2013,1.74,tt2356180,https://en.wikipedia.org/wiki/Bhaag_Milkha_Bhaag
130.51,Grand Masti,Grand Masti,"Riteish Deshmukh, Vivek Oberoi, Aftab Shivdasani, Sonalee Kulkarni, Karishma Tanna, Manjari Fadnis",Indra Kumar,,A 2013 Indian Hindi-Language Sex Comedy,34,2.84,96.51,226.4,Comedy,,2013,1.74,tt2476154,https://en.wikipedia.org/wiki/Grand_Masti
109.38,Aashiqui 2,Aashiqui 2,"Aditya Roy Kapur, Shraddha Kapoor, Mahesh Thakur, Shaad Randhawa",Mohit Suri,AA Films,Musical Romantic Drama,15,6.29,94.38,189.8,Romance,,2013,1.74,tt2203308,https://en.wikipedia.org/wiki/Aashiqui_2
94.13,Raanjhanaa,Raanjhanaa,"Dhanush, Sonam Kapoor, Abhay Deol, Swara Bhaskar",Aanand L. Rai,Eros International,013 Indian Hindi-Language Romantic Drama,36,1.61,58.13,163.3,Romance,,2013,1.74,tt2359810,https://en.wikipedia.org/wiki/Raanjhanaa
308.31,Ek Tha Tiger,Ek Tha Tiger,"Salman Khan, Katrina Kaif, Ranvir Shorey, Roshan Seth, Girish Karnad, Gavie Chahal",Kabir Khan,Yash Raj Films,12 Indian Hindi-Language Action Thriller,92,2.35,216.31,588.5,Action,,2012,1.91,tt2016894,https://en.wikipedia.org/wiki/Ek_Tha_Tiger
249.23,Dabangg 2,Dabangg 2,"Salman Khan, Sonakshi Sinha, Arbaaz Khan, Prakash Raj, Vinod Khanna",Arbaaz Khan,Eros International,2012 Indian Hindi-Language Action Comedy,84,1.97,165.23,475.7,Action,,2012,1.91,tt2112131,https://en.wikipedia.org/wiki/Dabangg_2
210.26,Jab Tak Hai Jaan,Jab Tak Hai Jaan,"Shah Rukh Khan, Katrina Kaif, Anushka Sharma",Yash Chopra,Yash Raj Films,012 Indian Hindi-Language Romantic Drama,78,1.70,132.26,401.4,Romance,,2012,1.91,tt2176013,https://en.wikipedia.org/wiki/Jab_Tak_Hai_Jaan
198.47,Rowdy Rathore,Rowdy Rathore,"Akshay Kumar, Sonakshi Sinha, Nassar",Prabhu Deva,UTV Motion Pictures,E Is A 2012 Indian Hindi-Language Action,77,1.58,121.47,378.9,Action,,2012,1.91,tt2077833,https://en.wikipedia.org/wiki/Rowdy_Rathore
194.32,Agneepath,Agneepath,"Hrithik Roshan, Sanjay Dutt, Rishi Kapoor, Priyanka Chopra",Karan Malhotra,AA FilmsEros International,2012 Indian Hindi-Language Action Crime,71,1.74,123.32,370.9,Action,,2012,1.91,tt0098999,https://en.wikipedia.org/wiki/Agneepath_(2012_film)
188.4,Housefull 2,Housefull 2: The Dirty Dozen,"Rishi Kapoor, Randhir Kapoor, Mithun Chakraborty, Akshay Kumar, John Abraham, Riteish Deshmukh, Shreyas Talpade, Asin, Jacqueline Fernandez, Shazahn Padamsee, Zareen Khan, Boman Irani",Sajid Khan,Eros International,2012 Indian Hindi-Language Action Comedy,72,1.62,116.4,359.6,Comedy,,2012,1.91,tt1980986,https://en.wikipedia.org/wiki/Housefull_2
174.7,Barfi!,Barfi!,"Ranbir Kapoor, Priyanka Chopra, Ileana D'Cruz",Anurag Basu,UTV Motion Pictures,Period Romantic Comedy,50,2.49,124.7,333.5,Rom-com,,2012,1.91,tt2082197,https://en.wikipedia.org/wiki/Barfi!
172.97,Talaash,Talaash¬†: The Answer Lies Within,"Aamir Khan, Kareena Kapoor Khan, Rani Mukerji",Reema Kagti,Reliance Entertainment,Psychological Crime Thriller,71,1.44,101.97,330.2,Thriller,Maybe,2012,1.91,tt1787988,https://en.wikipedia.org/wiki/Talaash:_The_Answer_Lies_Within
159.66,Bol Bachchan,Bol Bachchan,"Ajay Devgn, Abhishek Bachchan, Asin, Prachi Desai, Krishna Abhishek, Neeraj Vora, Archana Puran Singh",Rohit Shetty,Fox Star Studios,2012 Indian Hindi-Language Action Comedy,66,1.42,93.66,304.8,Action-comedy,,2012,1.91,tt1728986,https://en.wikipedia.org/wiki/Bol_Bachchan
135.12,Son of Sardaar,Son of Sardaar,"Ajay Devgn, Sanjay Dutt, Sonakshi Sinha, Juhi Chawla",Ashwni Dhir,Viacom 18 Motion PicturesEros International,2012 Indian Hindi-Language Action Comedy,67,1.02,68.12,257.9,Action-comedy,,2012,1.91,tt2178508,https://en.wikipedia.org/wiki/Son_of_Sardaar
125.23,Cocktail,Cocktail,"Saif Ali Khan, Deepika Padukone, Diana Penty, Dimple Kapadia, Boman Irani, Randeep Hooda",Homi Adajania,Eros International,12 Indian Hindi-Language Romantic Comedy,53,1.36,72.23,239.0,Rom-com,,2012,1.91,tt2168910,https://en.wikipedia.org/wiki/Cocktail_(2012_film)
121.57,OMG: Oh My God!,OMG ‚Äì Oh My God!,"Mithun Chakraborty, Akshay Kumar, Paresh Rawal",Umesh Shukla[1],Viacom18 Motion PicturesWave Cinemas[3],Satirical Comedy Drama,25,3.86,96.57,232.1,Comedy-drama,,2012,1.91,tt2283748,https://en.wikipedia.org/wiki/OMG_%E2%80%93_Oh_My_God!
97.26,Raaz 3,Raaz 3: The Third Dimension,"Bipasha Basu, Emraan Hashmi, Esha Gupta",Vikram Bhatt,Fox Star Studios,Supernatural Horror,31,2.14,66.26,185.7,Horror,,2012,1.91,tt2140315,https://en.wikipedia.org/wiki/Raaz_3:_The_Third_Dimension
91.71,Kahaani,Kahaani,"Vidya Balan, Parambrata Chatterjee, Nawazuddin Siddiqui, Indraneil Sengupta, Saswata Chatterjee",Sujoy Ghosh,"Viacom 18 Motion Pictures, Wave Cinemas",action thriller film,20,3.59,71.71,175.1,Thriller,,2012,1.91,tt1821480,https://en.wikipedia.org/wiki/Kahaani
78.56,English Vinglish,English Vinglish,"Sridevi, Adil Hussain, Mehdi Nebbou, Priya Anand",Gauri Shinde,Eros International,2012 Indian Hindi-Language Comedy-Drama,26,2.02,52.56,150.0,Comedy-drama,,2012,1.91,tt2181931,https://en.wikipedia.org/wiki/English_Vinglish
61.32,Vicky Donor,Vicky Donor,"Ayushmann Khurrana, Yami Gautam, Annu Kapoor, Dolly Ahluwalia",Shoojit Sircar[1][2],Eros Entertainment,12 Indian Hindi-Language Romantic Comedy,10,5.13,51.32,117.1,Rom-com,,2012,1.91,tt2317337,https://en.wikipedia.org/wiki/Vicky_Donor
234.39,Bodyguard,Bodyguard,"Salman Khan, Kareena Kapoor",Siddique,Reliance Entertainment,11 Indian Hindi-Language Romantic Action,70,2.35,164.39,489.8,Romance-action,,2011,2.09,tt1729637,https://en.wikipedia.org/wiki/Bodyguard_(2011_Hindi_film)
202.81,Don 2,Don 2: The King Is Back,"Shah Rukh Khan, Priyanka Chopra, Boman Irani, Kunal Kapoor, Ally Khan, Nawwab Shah, Sahil Shroff, Om Puri, Lara Dutta",Farhan Akhtar,Reliance Entertainment,Hindi language action thriller film,76,1.67,126.81,423.8,Action-thriller,,2011,2.09,tt1285241,https://en.wikipedia.org/wiki/Don_2
183.4,Ready,Ready,"Salman Khan, Asin",Anees Bazmee,Wave CinemasOne Up Entertainment (India)Eros International(Overseas),2011 Indian Hindi-Language Action Comedy,61,2.01,122.4,383.3,Action-comedy,,2011,2.09,tt1708532,https://en.wikipedia.org/wiki/Ready_(2011_film)
153,Zindagi Na Milegi Dobara,Zindagi Na Milegi Dobara,"Hrithik Roshan, Abhay Deol, Farhan Akhtar, Katrina Kaif, Kalki Koechlin",Zoya Akhtar,Eros International,Indian Hindi-Language Road Comedy Drama,60,1.55,93,319.7,Comedy-drama,,2011,2.09,tt1562872,https://en.wikipedia.org/wiki/Zindagi_Na_Milegi_Dobara
141.3,Singham,Singham,"Ajay Devgn, Kajal Aggarwal, Prakash Raj",Rohit Shetty,Reliance Entertainment,M Is A 2011 Indian Hindi-Language Action,41,2.45,100.3,295.3,Action,,2011,2.09,tt1948150,https://en.wikipedia.org/wiki/Singham
117,The Dirty Picture,The Dirty Picture,"Vidya Balan, Emraan Hashmi, Naseeruddin Shah, Tusshar Kapoor",Milan Luthria,AA Films,2011 Indian Hindi-Language Musical Drama,31,2.77,86,244.5,Drama,,2011,2.09,tt1954206,https://en.wikipedia.org/wiki/The_Dirty_Picture
93.84,Mere Brother Ki Dulhan,Mere Brother Ki Dulhan,"Imran Khan, Katrina Kaif, Ali Zafar",Ali Abbas Zafar,Yash Raj Films,Hindi-language romantic comedy ,32,1.93,61.84,196.1,Rom-com,,2011,2.09,tt1740710,https://en.wikipedia.org/wiki/Mere_Brother_Ki_Dulhan
91.19,Delhi Belly,Delhi Belly,"Imran Khan, Vir Das, Kunaal Roy Kapur, Poorna Jagannathan, Shenaz Treasurywala, Vijay Raaz",Abhinay Deo,UTV Motion Pictures,Lhi Belly Is A 2011 Indian Action Comedy,23,2.96,68.19,190.6,Action-comedy,,2011,2.09,#N/A,https://en.wikipedia.org/wiki/Delhi_Belly_(film)
67.84,Murder 2,Murder 2,"Emraan Hashmi, Jacqueline Fernandez",Mohit Suri,Wave Cinemas (India)Eros International(overseas),Is A 2011 Indian Hindi-Language Thriller,13,4.22,54.84,141.8,Thriller,,2011,2.09,tt1918965,https://en.wikipedia.org/wiki/Murder_2
56.41,Tanu Weds Manu,Tanu Weds Manu,"R. Madhavan, Kangana Ranaut, Jimmy Sheirgill, Swara Bhaskar, Deepak Dobriyal",Aanand L. Rai,Eros International,Returns Is A 2015 Indian Romantic Comedy,21,1.69,35.41,117.9,Rom-com,,2011,2.09,tt1694542,https://en.wikipedia.org/wiki/Tanu_Weds_Manu
219.27,Dabangg,Dabangg,"Salman Khan, Sonakshi Sinha, Arbaaz Khan, Sonu Sood",Abhinav Singh Kashyap,Shree Ashtavinayak Cine Vision,2010 Indian Hindi-Language Action Comedy,41,4.35,178.27,499.1,Action,,2010,2.28,tt1620719,https://en.wikipedia.org/wiki/Dabangg
193.14,My Name Is Khan,My Name Is Khan,"Shah Rukh Khan, Kajol",Karan Johar,,social drama film,85,1.27,108.14,439.6,Drama,,2010,2.28,tt1188996,https://en.wikipedia.org/wiki/My_Name_Is_Khan
169.53,Golmaal 3,Golmaal 3,"Ajay Devgn, Arshad Warsi, Kareena Kapoor, Mithun Chakraborty, Tusshar Kapoor, Shreyas Talpade, Kunal Khemu",Rohit Shetty,,2010 Indian Hindi-Language Action Comedy,50,2.39,119.53,385.9,Comedy,,2010,2.28,tt1562859,https://en.wikipedia.org/wiki/Golmaal_3
145.5,Raajneeti,Raajneeti,"Ajay Devgn, Nana Patekar, Ranbir Kapoor, Katrina Kaif, Arjun Rampal, Manoj Bajpayee, Sarah Thompson, Naseeruddin Shah",Prakash Jha,UTV Motion Pictures,Political Thriller,61,1.39,84.5,331.2,Thriller,,2010,2.28,tt1291465,https://en.wikipedia.org/wiki/Raajneeti
116.3,Housefull,Housefull,"Akshay Kumar, Ritesh Deshmukh, Arjun Rampal, Lara Dutta, Deepika Padukone, Jiah Khan",Sajid Khan,Eros International,L Is A 2010 Indian Hindi-Language Comedy,47,1.47,69.3,264.7,Comedy,,2010,2.28,tt1573072,https://en.wikipedia.org/wiki/Housefull_(2010_film)
85.2,Once Upon a Time in Mumbaai,Once Upon a Time in Mumbai,"Ajay Devgn, Emraan Hashmi, Prachi Desai, Kangana Ranaut, Randeep Hooda",Milan Luthria,,Neo-Noir Crime Thriller,35,1.43,50.2,193.9,Thriller,,2010,2.28,tt1395054,https://en.wikipedia.org/wiki/Once_Upon_a_Time_in_Mumbaai
73.4,I Hate Luv Storys,I Hate Luv Storys,"Imran Khan, Sonam Kapoor",Punit Malhotra,UTV Motion Pictures,10 Indian Hindi-Language Romantic Comedy,23,2.19,50.4,167.1,Rom-com,,2010,2.28,tt1667838,https://en.wikipedia.org/wiki/I_Hate_Luv_Storys
349.1,3 Idiots,3 Idiots,"Aamir Khan, R. Madhavan, Sharman Joshi",Rajkumar Hirani,Reliance BIG Pictures,Coming-Of-Age Satirical Comedy-Drama,77,3.53,272.1,889.8,Comedy-drama,,2009,2.55,tt1187043,https://en.wikipedia.org/wiki/3_Idiots
119.51,Love Aaj Kal,Love Aaj Kal,"Saif Ali Khan, Deepika Padukone, Giselli Monteiro, Rishi Kapoor",Imtiaz Ali,Eros International,Romantic Comedy-Drama,56,1.13,63.51,304.6,Rom-com,,2009,2.55,tt1275863,https://en.wikipedia.org/wiki/Love_Aaj_Kal_(2009_film)
99.73,Ajab Prem Ki Ghazab Kahani,Ajab Prem Ki Ghazab Kahani,"Ranbir Kapoor, Katrina Kaif",Rajkumar Santoshi,Tips Industries,Indian Hindi-language romantic comedy,44,1.27,55.73,254.2,Rom-com,,2009,2.55,tt1252596,https://en.wikipedia.org/wiki/Ajab_Prem_Ki_Ghazab_Kahani
93.23,Wanted,Wanted,"Salman Khan, Ayesha Takia, Prakash Raj, Vinod Khanna, Mahesh Manjrekar",Prabhu Deva,Sahara One Motion Pictures,09 Indian Hindi-Language Action Thriller,52,0.79,41.23,237.6,Action,,2009,2.55,tt1084972,https://en.wikipedia.org/wiki/Wanted_(2009_film)
78.33,New York,New York's,"John Abraham, Neil Nitin Mukesh, Katrina Kaif, Irrfan Khan",Kabir Khan,Yash Raj Films,Is A 2009 Indian Hindi-Language Thriller,28,1.80,50.33,199.7,Thriller,,2009,2.55,tt1328634,https://en.wikipedia.org/wiki/New_York_(2009_film)
47.1,Wake Up Sid,Wake Up Sid,"Ranbir Kapoor, Konkana Sen Sharma",Ayan Mukerji,UTV Motion Pictures,Coming-Of-Age Comedy-Drama,18,1.62,29.1,120.1,Drama,Maybe,2009,2.55,tt1324059,https://en.wikipedia.org/wiki/Wake_Up_Sid
194.58,Ghajini,Ghajini,"Aamir Khan, Asin, Jiah Khan, Pradeep Rawat",A R Murugadoss,Indian Films[1](India)BIG Pictures(International)[2],08 Indian Hindi-Language Action Thriller,52,2.74,142.58,549.9,Action-thriller,,2008,2.83,tt1166100,https://en.wikipedia.org/wiki/Ghajini_(2008_film)
157,Rab Ne Bana Di Jodi,Rab Ne Bana Di Jodi,"Shah Rukh Khan, Anushka Sharma, Vinay Pathak",Aditya Chopra,Yash Raj Films,08 Indian Hindi-Language Romantic Comedy,39,3.03,118,443.7,Rom-com,,2008,2.83,tt1182937,https://en.wikipedia.org/wiki/Rab_Ne_Bana_Di_Jodi
123.96,Singh Is Kinng,Singh Is Kinng,"Akshay Kumar, Katrina Kaif, Om Puri, Ranvir Shorey, Neha Dhupia, Javed Jaffrey, Sonu Sood",Anees Bazmee,Indian Films[1]BIG Pictures[2],2008 Indian Hindi-Language Action Comedy,50,1.48,73.96,350.3,Masala,,2008,2.83,tt1146325,https://en.wikipedia.org/wiki/Singh_Is_Kinng
103.45,Race,Race,"Anil Kapoor, Saif Ali Khan, Akshaye Khanna, Bipasha Basu, Katrina Kaif, Sameera Reddy",Abbas‚ÄìMustan,UTV Motion Pictures,Neo-Noir Action Crime,46,1.25,57.45,292.4,Thriller,,2008,2.83,tt1017456,https://en.wikipedia.org/wiki/Race_(2008_film)
84.2,Jaane Tu... Ya Jaane Na,Jaane Tu... Ya Jaane Na,"Imran Khan, Genelia D'Souza, Prateik Babbar, Manjari Fadnis, Ayaz Khan, Paresh Rawal, Naseeruddin Shah, Ratna Pathak Shah, Karan Makhija, Alishka Varde, Nirav Mehta, Sugandha Garg, Arbaaz Khan, Sohail Khan, Renuka Kunzru",Abbas Tyrewala,PVR Pictures,Coming-Of-Age Romantic Comedy,15,4.61,69.2,238.0,Rom-com,,2008,2.83,tt0473367,https://en.wikipedia.org/wiki/Jaane_Tu..._Ya_Jaane_Na
80,Golmaal Returns,Golmaal Returns,"Ajay Devgn, Kareena Kapoor, Arshad Warsi, Shreyas Talpade, Tusshar Kapoor, Amrita Arora, Celina Jaitley, Anjana Sukhani",Rohit Shetty,Indian Films[1],Is A 2008 Indian Hindi-Language Comedy,35,1.29,45,226.1,Comedy,,2008,2.83,tt1092005,https://en.wikipedia.org/wiki/Golmaal_Returns
61.57,Bachna Ae Haseeno,Bachna Ae Haseeno,"Ranbir Kapoor, Bipasha Basu, Deepika Padukone, Minissha Lamba",Siddharth Anand,Yash Raj Films,08 Indian Hindi-Language Romantic Comedy,23,1.68,38.57,174.0,Rom-com,Maybe,2008,2.83,tt1182972,https://en.wikipedia.org/wiki/Bachna_Ae_Haseeno
41.5,Jannat: In Search of Heaven...,Jannat,"Emraan Hashmi, Sonal Chauhan",Kunal Deshmukh,Percept Picture Company,008 Indian Hindi-Language Romantic Crime,10,3.15,31.5,117.3,Romance-drama,,2008,2.83,tt1216300,https://en.wikipedia.org/wiki/Jannat_(2008_film)
149.87,Om Shanti Om,Om Shanti Om,"Shah Rukh Khan, Deepika Padukone, Shreyas Talpade, Kirron Kher, Arjun Rampal",Farah Khan,Eros International,Is A 2007 Hindi-Language Masala,40,2.75,109.87,458.9,Masala,,2007,3.06,tt1024943,https://en.wikipedia.org/wiki/Om_Shanti_Om
119.49,Welcome,Welcome,"Feroz Khan, Anil Kapoor, Nana Patekar, Akshay Kumar, Katrina Kaif, Paresh Rawal, Mallika Sherawat",Anees Bazmee,UTV Motion PicturesIndian Films[1],2007 Hindi-Language Buddy Comedy Drama,48,1.49,71.49,365.9,Comedy,,2007,3.06,tt0488798,https://en.wikipedia.org/wiki/Welcome_(2007_film)
101.81,Chak De! India,Chak De! India,"Shah Rukh Khan, Vidya Malvade, Shilpa Shukla, Sagarika Ghatge, Chitrashi Rawat, Anjan Srivastav, Vibha Chibber",Shimit Amin,Yash Raj Films,Is A 2007 Indian Sports Drama,22,3.63,79.81,311.8,Drama,,2007,3.06,tt0871510,https://en.wikipedia.org/wiki/Chak_De!_India
100.91,Partner,Partner,"Govinda, Salman Khan, Lara Dutta, Katrina Kaif",David Dhawan,Eros International,07 Indian Hindi-Language Romantic Comedy,28,2.60,72.91,309.0,Rom-com,,2007,3.06,tt0807758,https://en.wikipedia.org/wiki/Partner_(2007_film)
87.57,Taare Zameen Par,Taare Zameen Par,"Darsheel Safary, Aamir Khan, Tisca Chopra, Vipin Sharma, Tanay Chheda",Aamir Khan,PVR Pictures,Is A 2007 Indian Hindi-Language Drama,18,3.87,69.57,268.2,Drama,,2007,3.06,tt0986264,https://en.wikipedia.org/wiki/Taare_Zameen_Par
83.93,Heyy Babyy,Heyy Babyy,"Akshay Kumar, Fardeen Khan, Riteish Deshmukh, Vidya Balan, Boman Irani, Juanna Sanghvi",Sajid Khan,Shree Ashtavinayak Cine Vision[1]Eros International,Y Is A 2007 Indian Hindi-Language Comedy,36,1.33,47.93,257.0,Comedy,,2007,3.06,tt0806088,https://en.wikipedia.org/wiki/Heyy_Babyy
83.67,Guru,Guru,"Abhishek Bachchan, Aishwarya Rai, Mithun Chakraborty, R. Madhavan, Vidya Balan",Mani Ratnam,Madras TalkiesAdlabs[1],Is A 2007 Indian Hindi-Language   Drama,22,2.80,61.67,256.2,Drama,,2007,3.06,tt0097466,https://en.wikipedia.org/wiki/Guru_(2007_film)
82.84,Bhool Bhulaiyaa,Bhool Bhulaiyaa,"Akshay Kumar, Vidya Balan, Shiney Ahuja, Ameesha Patel",Priyadarshan,Balaji Motion PicturesEros International,Psychological Horror Comedy,32,1.59,50.84,253.7,Comedy,,2007,3.06,tt0995031,https://en.wikipedia.org/wiki/Bhool_Bhulaiyaa
71.4,Namastey London,Namastey London,"Rishi Kapoor, Akshay Kumar, Katrina Kaif, Nina Wadia, Upen Patel, Clive Standen",Vipul Amrutlal Shah,Adlabs FilmsBlockbuster Movie EntertainersEros International,Is A 2007 Indian Romantic Comedy,31,1.30,40.4,218.6,Rom-com,Maybe,2007,3.06,tt0795434,https://en.wikipedia.org/wiki/Namastey_London
69.14,Ta Ra Rum Pum,Ta Ra Rum Pum,"Saif Ali Khan, Rani Mukerji, Angelina Idnani, Ali Haji, Javed Jaffrey",Siddharth Anand,Yash Raj Films,2007 Indian Hindi-Language Sports Drama,30,1.30,39.14,211.7,Drama,Maybe,2007,3.06,tt0833553,https://en.wikipedia.org/wiki/Ta_Ra_Rum_Pum
50.9,Jab We Met,Jab We Met,"Kareena Kapoor, Shahid Kapoor",Imtiaz Ali,Indian Films[1],07 Indian Hindi-Language Romantic Comedy,15,2.39,35.9,155.9,Rom-com,,2007,3.06,tt1093370,https://en.wikipedia.org/wiki/Jab_We_Met
50.73,Dhamaal,Dhamaal,"Sanjay Dutt, Ritesh Deshmukh, Arshad Warsi, Aashish Chaudhary, Jaaved Jaaferi, Asrani, Sanjay Mishra, Vijay Raaz, Manoj Pahwa, Tiku Talsania, Prem Chopra",Indra Kumar,Shemaroo Entertainment,Is A 2007 Indian Hindi-Language Comedy,19,1.67,31.73,155.3,Comedy,Maybe,2007,3.06,tt0845448,https://en.wikipedia.org/wiki/Dhamaal
46.04,Shootout at Lokhandwala,Shootout at Lokhandwala,"Amitabh Bachchan, Sanjay Dutt, Suniel Shetty, Vivek Oberoi, Abhishek Bachchan, Arbaaz Khan, Tusshar Kapoor, Rohit Roy, Aditya Lakhia, Shabbir Ahluwalia",Apoorva Lakhia,White Feather FilmsBalaji Motion Pictures,07 Indian Hindi-Language Action Thriller,18,1.56,28.04,141.0,Action-thriller,Maybe,2007,3.06,tt0811066,https://en.wikipedia.org/wiki/Shootout_at_Lokhandwala
151.38,Dhoom 2,Dhoom 2,"Hrithik Roshan, Abhishek Bachchan, Aishwarya Rai, Uday Chopra, Bipasha Basu",Sanjay Gadhvi,Yash Raj Films,Caper Action Thriller,42,2.60,109.38,493.1,Action-thriller,,2006,3.26,tt0441048,https://en.wikipedia.org/wiki/Dhoom_2
126.55,Krrish,Krrish,"Hrithik Roshan, Priyanka Chopra, Naseeruddin Shah, Rekha, Sharat Saxena, Manini Mishra",Rakesh Roshan,Yash Raj Films(India)Adlabs(International)[1],Superhero Action Thriller,40,2.16,86.55,412.2,Action,,2006,3.26,tt0432637,https://en.wikipedia.org/wiki/Krrish
126.2,Lage Raho Munna Bhai,Lage Raho Munna Bhai,"Sanjay Dutt, Arshad Warsi, Vidya Balan",Rajkumar Hirani,Eros International,Indian Hindi-language satirical comedy dram,19,5.64,107.2,411.1,Comedy-drama,,2006,3.26,tt0456144,https://en.wikipedia.org/wiki/Lage_Raho_Munna_Bhai
106.34,Don,Don: The Chase Begins Again,"Shah Rukh Khan, Priyanka Chopra, Arjun Rampal, Isha Koppikar, Boman Irani, Pavan Malhotra, Rajesh Khattar, Om Puri, Kareena Kapoor",Farhan Akhtar,Excel Entertainment[1](India)UTV Motion Pictures[1](International),06 Indian Hindi-Language Action Thriller,38,1.80,68.34,346.4,Action-thriller,,2006,3.26,tt0077451,https://en.wikipedia.org/wiki/Don_(2006_Hindi_film)
105.48,Fanaa,Fanaa,"Aamir Khan, Kajol",Kunal Kohli,,Indian Hindi-Language Romantic-Thriller,30,2.52,75.48,343.6,Romantic-thriller,,2006,3.26,tt0439662,https://en.wikipedia.org/wiki/Fanaa_(2006_film)
97.9,Rang De Basanti,Rang De Basanti,"Aamir Khan, Siddharth, Atul Kulkarni, Sharman Joshi, Kunal Kapoor, Alice Patten, Soha Ali Khan, Waheeda Rehman, Kirron Kher, Om Puri",Rakeysh Omprakash Mehra,UTV Motion Pictures,Epic Coming-Of-Age Socio-Political Drama,28,2.50,69.9,318.9,Political-drama,,2006,3.26,tt0405508,https://en.wikipedia.org/wiki/Rang_De_Basanti
69.12,Phir Hera Pheri,Phir Hera Pheri,"Akshay Kumar, Suniel Shetty, Paresh Rawal, Bipasha Basu, Rimi Sen, Sharat Saxena, Johnny Lever, Rajpal Yadav, Milind Gunaji, Manoj Joshi, Razak Khan",Neeraj Vora,,Is A 2006 Indian Hindi-Language Comedy,18,2.84,51.12,225.2,Comedy,,2006,3.26,tt0419058,https://en.wikipedia.org/wiki/Phir_Hera_Pheri
49.56,Vivah,Vivah,"Shahid Kapoor, Amrita Rao, Anupam Kher, Alok Nath",Sooraj R. Barjatya,Rajshri Productions,006 Indian Hindi-Language Romantic Drama,8,5.20,41.56,161.4,Drama,,2006,3.26,tt0494290,https://en.wikipedia.org/wiki/Vivah
46.72,Golmaal Fun Unlimited,Golmaal: Fun Unlimited,"Ajay Devgn, Tusshar Kapoor, Arshad Warsi, Sharman Joshi, Rimi Sen, Paresh Rawal",Rohit Shetty,Eros International,Coming-Of-Age Buddy Comedy,15,2.11,31.72,152.2,Comedy,,2006,3.26,tt0495034,https://en.wikipedia.org/wiki/Golmaal:_Fun_Unlimited
42.76,Malamaal Weekly,Malamaal Weekly,"Paresh Rawal, Om Puri, Riteish Deshmukh, Rajpal Yadav, Asrani",Priyadarshan,Sahara One Motion Pictures,Y Is A 2006 Indian Hindi-Language Comedy,7,5.11,35.76,139.3,Comedy,,2006,3.26,tt0476805,https://en.wikipedia.org/wiki/Malamaal_Weekly
74.13,No Entry,No Entry,"Anil Kapoor, Salman Khan, Fardeen Khan, Bipasha Basu, Esha Deol, Lara Dutta, Celina Jaitley",Anees Bazmee,Sahara Motion Pictures (India)Eros International(Overseas),Buddy Romantic Comedy,24,2.09,50.13,255.5,Comedy,,2005,3.45,tt0451833,https://en.wikipedia.org/wiki/No_Entry
63.74,Bunty Aur Babli,Bunty Aur Babli,"Amitabh Bachchan, Abhishek Bachchan, Rani Mukerji",Shaad Ali,Yash Raj Films,2005 Indian Hindi-Language Crime Comedy,12.5,4.10,51.24,219.7,Comedy,,2005,3.45,tt0448206,https://en.wikipedia.org/wiki/Bunty_Aur_Babli
57.23,Salaam Namaste,Salaam Namaste,"Saif Ali Khan, Preity Zinta",Siddharth Anand,Yash Raj Films,05 Indian Hindi-Language Romantic Comedy,11,4.20,46.23,197.2,Rom-com,,2005,3.45,tt0456165,https://en.wikipedia.org/wiki/Salaam_Namaste
54.65,Garam Masala,Garam Masala,"Akshay Kumar, John Abraham, Paresh Rawal, Rimi Sen, Neha Dhupia, Daisy Bopanna, Neetu Chandra, Nargis Bagheri, Rajpal Yadav, Manoj Joshi, Asrani",Priyadarshan,,Is A 2005 Indian Hindi-Language Comedy,17,2.21,37.65,188.3,Comedy,,2005,3.45,tt0068620,https://en.wikipedia.org/wiki/Garam_Masala_(2005_film)
47.22,Maine Pyaar Kyun Kiya,Maine Pyaar Kyun Kiya,"Salman Khan, Sushmita Sen, Katrina Kaif, Sohail Khan, Arshad Warsi, Isha Koppikar",David Dhawan,Shree Ashtavinayak Cine Vision Ltd,05 Indian Hindi-Language Romantic Comedy,15,2.15,32.22,162.7,Rom-com,Maybe,2005,3.45,tt0451803,https://en.wikipedia.org/wiki/Maine_Pyaar_Kyun_Kiya?
42.48,Waqt: The Race Against Time,Waqt: The Race Against Time,"Amitabh Bachchan, Akshay Kumar, Priyanka Chopra, Shefali Shah, Rajpal Yadav, Boman Irani",Vipul Amrutlal Shah,Eros International,Is A 2005 Indian Hindi-Language Drama,16,1.66,26.48,146.4,Drama,Maybe,2005,3.45,tt0390614,https://en.wikipedia.org/wiki/Waqt:_The_Race_Against_Time
39.3,Sarkar,Sarkar,"Amitabh Bachchan, Abhishek Bachchan, Kay Kay Menon, Supriya Pathak, Katrina Kaif, Tanishaa, Anupam Kher, Kota Srinivasa Rao",Ram Gopal Varma,K Sera SeraSahara One Motion Pictures,Political Crime Thriller,14,1.81,25.3,135.4,Thriller,Maybe,2005,3.45,tt0432047,https://en.wikipedia.org/wiki/Sarkar_(2005_film)
32.7,Bluffmaster!,Bluffmaster!,"Abhishek Bachchan, Ritesh Deshmukh, Priyanka Chopra, Sanjay Mishra, Boman Irani, Nana Patekar",Rohan Sippy,UTV Motion Pictures,2005 Indian Hindi-Language Crime Comedy,10,2.27,22.7,112.7,Thriller,Maybe,2005,3.45,tt0476527,https://en.wikipedia.org/wiki/Bluffmaster!
97.64,Veer Zaara,Veer-Zaara,"Shah Rukh Khan, Preity Zinta, Rani Mukerji",Yash Chopra,Yash Raj Films,Is A 2004 Indian Hindi-Language Romantic,23,3.25,74.64,350.8,Romance,,2004,3.59,tt0420332,https://en.wikipedia.org/wiki/Veer-Zaara
73.3,Main Hoon Na,Main Hoon Na,"Shah Rukh Khan, Sushmita Sen, Suniel Shetty, Zayed Khan, Amrita Rao",Farah Khan,Eros InternationalShree Ashtavinayak Cine Vision[1],Is A 2004 Hindi-Language Masala,25,1.93,48.3,263.3,Masala,,2004,3.59,tt0347473,https://en.wikipedia.org/wiki/Main_Hoon_Na
55.98,Mujhse Shaadi Karogi,Mujhse Shaadi Karogi,"Salman Khan, Akshay Kumar, Priyanka Chopra",David Dhawan,UTV Motion Pictures,Is A 2004 Hindi-Language Romantic Comedy,19,1.95,36.98,201.1,Rom-com,,2004,3.59,tt0418362,https://en.wikipedia.org/wiki/Mujhse_Shaadi_Karogi
50.44,Dhoom,Dhoom,"Abhishek Bachchan, Uday Chopra, John Abraham, Esha, Rimii",Sanjay Gadhvi,Yash Raj Films,A 2004 Indian Hindi-Language Moto Action,11,3.59,39.44,181.2,Action,,2004,3.59,tt0422091,https://en.wikipedia.org/wiki/Dhoom
42.63,Hum Tum,Hum Tum,"Saif Ali Khan, Rani Mukerji",Kunal Kohli,Yash Raj Films,04 Indian Hindi-Language Romantic Comedy,8.5,4.02,34.13,153.2,Rom-com,,2004,3.59,tt0378072,https://en.wikipedia.org/wiki/Hum_Tum_(film)
34.14,Masti,Masti,"Ajay Devgn, Vivek Oberoi, Aftab Shivdasani, Riteish Deshmukh, Lara Dutta, Amrita Rao, Tara Sharma, Genelia",Indra Kumar,Eros InternationalShemaroo Entertainment,A 2004 Indian Hindi-Language Sex Comedy,12,1.85,22.14,122.7,Comedy,,2004,3.59,tt0406977,https://en.wikipedia.org/wiki/Masti_(2004_film)
32.86,Hulchul,Hulchul,"Akshaye Khanna, Kareena Kapoor, Suniel Shetty, Jackie Shroff, Arbaaz Khan, Arshad Warsi, Paresh Rawal, Amrish Puri, Asrani, Manoj Joshi, Shakti Kapoor",Priyadarshan,Venus Films,04 Indian Hindi-Language Romantic Comedy,10,2.29,22.86,118.1,Comedy,,2004,3.59,tt0215859,https://en.wikipedia.org/wiki/Hulchul_(2004_film)
86.08,Kal Ho Naa Ho,Kal Ho Naa Ho,"	
Shah Rukh Khan, Preity Zinta, Saif Ali Khan",Nikhil Advani,Yash Raj Films, Hindi-language romantic comedy drama film,28,2.07,58.08,320.9,Rom-com,,2003,3.73,tt0347304,https://en.wikipedia.org/wiki/Kal_Ho_Naa_Ho
82.32,Koi... Mil Gaya,Koi... Mil Gaya,"Rekha, Hrithik Roshan, Preity Zinta",Rakesh Roshan,Yash Raj Films,2003 Indian Science Fiction Action Drama,30,1.74,52.32,306.9,Sci-fi,,2003,3.73,tt0254481,https://en.wikipedia.org/wiki/Koi..._Mil_Gaya
43.28,Chalte Chalte,Chalte Chalte,"Shah Rukh Khan, Rani Mukerji",Aziz Mirza,UTV Motion Pictures,003 Indian Hindi-Language Romantic Drama,11,2.93,32.28,161.3,Romance,,2003,3.73,tt0360463,https://en.wikipedia.org/wiki/Chalte_Chalte_(2003_film)
43.11,Baghban,Baghban,"Amitabh Bachchan, Hema Malini, Salman Khan, Mahima Chaudhry",Ravi Chopra,,Is A 2003 Indian Hindi-Language Drama,10,3.31,33.11,160.7,Drama,,2003,3.73,tt0337578,https://en.wikipedia.org/wiki/Baghban_(2003_film)
36.28,Munna Bhai M.B.B.S.,Munna Bhai M.B.B.S.,"Sunil Dutt, Sanjay Dutt, Gracy Singh, Jimmy Sheirgill, Arshad Warsi, Rohini Hattangadi, Boman Irani",Rajkumar Hirani,AA Films,2003 Indian Hindi-Language Comedy Drama,10,2.63,26.28,135.2,Comedy,,2003,3.73,tt0374887,https://en.wikipedia.org/wiki/Munna_Bhai_M.B.B.S.
28.81,Andaaz,Andaaz,"Akshay Kumar, Lara Dutta, Priyanka Chopra",Raj Kanwar,,3 Indian Hindi-Language Romantic Musical,9.25,2.11,19.56,107.4,Romance,,2003,3.73,tt0346507,https://en.wikipedia.org/wiki/Andaaz
99.87,Devdas,Devdas,"Shah Rukh Khan, Aishwarya Rai, Madhuri Dixit",Sanjay Leela Bhansali,Eros International,Period Romantic Drama,44,1.27,55.87,386.5,Romance,,2002,3.87,tt0238936,https://en.wikipedia.org/wiki/Devdas_(2002_Hindi_film)
36.63,Raaz,Raaz,"Dino Morea, Bipasha Basu, Malini Sharma, Ashutosh Rana",Vikram Bhatt,Tips Industries,Is A 2002 Indian Supernatural Horror,5.25,5.98,31.38,141.8,Horror,,2002,3.87,tt0206238,https://en.wikipedia.org/wiki/Raaz_(2002_film)
34.76,Hum Tumhare Hain Sanam,Hum Tumhare Hain Sanam,"Salman Khan, Shah Rukh Khan, Madhuri Dixit",K. S. Adhiyaman,Eros International,002 Indian Hindi-Language Romantic Drama,12,1.90,22.76,134.5,Romance,Maybe,2002,3.87,tt0222024,https://en.wikipedia.org/wiki/Hum_Tumhare_Hain_Sanam
33.61,Mujhse Dosti Karoge!,Mujhse Dosti Karoge!,"Hrithik Roshan, Rani Mukerji, Kareena Kapoor, Uday Chopra",Kunal Kohli,Yash Raj Films,Musical Romantic Comedy Drama,12,1.80,21.61,130.1,Rom-com,Maybe,2002,3.87,tt0272736,https://en.wikipedia.org/wiki/Mujhse_Dosti_Karoge!
29.1,Saathiya,Saathiya,"Rani Mukerji, Vivek Oberoi",Shaad Ali,Yash Raj Films,002 Indian Hindi-Language Romantic Drama,7.5,2.88,21.6,112.6,Romance,,2002,3.87,tt0330843,https://en.wikipedia.org/wiki/Saathiya_(film)
136,Kabhi Khushi Kabhie Gham...,Kabhi Khushi Kabhie Gham‚Ä¶,"Amitabh Bachchan, Jaya Bachchan, Shah Rukh Khan, Kajol, Hrithik Roshan, Kareena Kapoor",Karan Johar,Yash Raj Films,2001 Indian Hindi-Language Family Drama,40,2.40,96,548.9,Drama,,2001,4.04,tt0248126,https://en.wikipedia.org/wiki/Kabhi_Khushi_Kabhie_Gham...
133,Gadar: Ek Prem Katha,Gadar: Ek Prem Katha,"Sunny Deol, Ameesha Patel, Amrish Puri, Vivek Shauq, Lillete Dubey",Anil Sharma,Zee Telefilms,Romantic Period Action Drama,19,6.00,114,536.8,Action,,2001,4.04,tt0284137,https://en.wikipedia.org/wiki/Gadar:_Ek_Prem_Katha
65.97,Lagaan: Once Upon a Time in India,Lagaan,"Aamir Khan, Gracy Singh, Rachel Shelley, Paul Blackthorne",Ashutosh Gowariker,SET Pictures[1],Sports Drama,24,1.75,41.97,266.3,Drama,,2001,4.04,tt0169102,https://en.wikipedia.org/wiki/Lagaan
42.6,Indian,Indian,"Sunny Deol, Shilpa Shetty, Danny Denzongpa, Raj Babbar, Mukesh Rishi, Rahul Dev",N. Maharajan,Eros International,Is A 2001 Indian Hindi-Language Action,15,1.84,27.6,171.9,Action,,2001,4.04,tt0300028,https://en.wikipedia.org/wiki/Indian_(2001_film)
39.72,Dil Chahta Hai,Dil Chahta Hai,"Aamir Khan, Saif Ali Khan, Akshaye Khanna, Preity Zinta, Sonali Kulkarni, Dimple Kapadia",Farhan Akhtar,Yash Raj Films,Coming-Of-Age Comedy-Drama,14,1.84,25.72,160.3,Drama,Maybe,2001,4.04,tt0292490,https://en.wikipedia.org/wiki/Dil_Chahta_Hai
37.5,Chori Chori Chupke Chupke,Chori Chori Chupke Chupke,"Salman Khan, Rani Mukerji, Preity Zinta",Abbas‚ÄìMustan,Eros International,001 Indian Hindi-Language Romantic Drama,13,1.88,24.5,151.4,Romance,Maybe,2001,4.04,tt0256692,https://en.wikipedia.org/wiki/Chori_Chori_Chupke_Chupke
36.5,Ek Rishtaa: The Bond of Love,Ek Rishtaa: The Bond of Love,"Amitabh Bachchan, Akshay Kumar, Rakhee Gulzar, Juhi Chawla, Karishma Kapoor, Mohnish Bahl",Suneel Darshan,,Is A 2001 Indian Hindi-Language Drama,15,1.43,21.5,147.3,Drama,Maybe,2001,4.04,tt0284083,https://en.wikipedia.org/wiki/Ek_Rishtaa:_The_Bond_of_Love
34.13,Jodi No.1,Jodi No.1,"Govinda, Sanjay Dutt, Twinkle Khanna, Monica Bedi",David Dhawan,Time Magnetics Pvt. Ltd.,Is An Indian 2001 Hindi-Language Comedy,11,2.10,23.13,137.8,Comedy,,2001,4.04,tt0278522,https://en.wikipedia.org/wiki/Jodi_No.1_(film)
30.99,Mujhe Kucch Kehna Hai,Mujhe Kucch Kehna Hai,"Tusshar Kapoor, Kareena Kapoor, Rinke Khanna",Satish Kaushik,Pooja Entertainment,Is A 2001 Indian Hindi-Language Romance,7,3.43,23.99,125.1,Romance,,2001,4.04,tt0284328,https://en.wikipedia.org/wiki/Mujhe_Kucch_Kehna_Hai
90.01,Mohabbatein,Mohabbatein,"Amitabh Bachchan, Shah Rukh Khan, Aishwarya Rai",Aditya Chopra,,Musical Romantic Drama,19,3.74,71.01,377.0,Romance,,2000,4.19,tt0213890,https://en.wikipedia.org/wiki/Mohabbatein
80,Kaho Naa... Pyaar Hai,Kaho Naa ... Pyaar Hai,"Hrithik Roshan, Ameesha Patel, Anupam Kher, Dalip Tahil, Mohnish Bahl",Rakesh Roshan,Yash Raj FilmsEros International(Overseas),Musical Romantic Thriller,10,7.00,70,335.1,Romance,,2000,4.19,tt0234000,https://en.wikipedia.org/wiki/Kaho_Naa..._Pyaar_Hai
36.87,Dulhan Hum Le Jayenge,Dulhan Hum Le Jayenge,"Salman Khan, Karisma Kapoor",David Dhawan,Baba Arts,00 Indian Hindi-Language Romantic Comedy,11,2.35,25.87,154.4,Rom-com,,2000,4.19,tt0247992,https://en.wikipedia.org/wiki/Dulhan_Hum_Le_Jayenge
35.44,Refugee,Refugee,"Abhishek Bachchan, Kareena Kapoor",J. P. Dutta,HR Enterprises,000 Indian Hindi-Language Romantic Drama,15,1.36,20.44,148.4,Romance,Maybe,2000,4.19,tt0250690,https://en.wikipedia.org/wiki/Refugee_(2000_film)
32.45,Har Dil Jo Pyar Karega...,Har Dil Jo Pyar Karega,"Salman Khan, Preity Zinta, Rani Mukerji",Raj Kanwar,Nadiadwala Grandson Entertainment,00 Indian Hindi-Language Romantic Comedy,13,1.50,19.45,135.9,Rom-com,Maybe,2000,4.19,tt0250415,https://en.wikipedia.org/wiki/Har_Dil_Jo_Pyar_Karega
32.2,Fiza,Fiza,"Karishma Kapoor, Hrithik Roshan, Jaya Bachchan",Khalid Mohammed,UTV Motion Pictures,00 Indian Hindi-Language Action-Thriller,5.5,4.85,26.7,134.9,Action-thriller,Maybe,2000,4.19,tt0248012,https://en.wikipedia.org/wiki/Fiza
30.26,Hamara Dil Aapke Paas Hai,Hamara Dil Aapke Paas Hai,"Anil Kapoor, Aishwarya Rai, Sonali Bendre",Satish Kaushik,S.K. Film Enterprises,Romantic Action Drama,9,2.36,21.26,126.7,Romance-action,,2000,4.19,tt0255212,https://en.wikipedia.org/wiki/Hamara_Dil_Aapke_Paas_Hai
81.71,Hum Saath-Saath Hain,Hum Saath-Saath Hain,"Salman Khan, Karisma Kapoor, Saif Ali Khan, Tabu, Sonali Bendre, Mohnish Bahl",Sooraj R. Barjatya,Rajshri ProductionsZee International,1999 Indian Hindi-Language Family Drama,17,3.81,64.71,356.0,Drama,,1999,4.36,tt0216817,https://en.wikipedia.org/wiki/Hum_Saath-Saath_Hain
51.38,Hum Dil De Chuke Sanam,Hum Dil De Chuke Sanam,"Salman Khan, Ajay Devgn, Aishwarya Rai",Sanjay Leela Bhansali,Sony Pictures NetworksEros International,Romantic Drama Musical,16,2.21,35.38,223.8,Romance,,1999,4.36,tt0150992,https://en.wikipedia.org/wiki/Hum_Dil_De_Chuke_Sanam
51.16,Taal,Taal,"Anil Kapoor, Aishwarya Rai, Akshaye Khanna",Subhash Ghai,Mukta ArtsTips Internationals,Language Musical Romantic Drama,15,2.41,36.16,222.9,Romance,Maybe,1999,4.36,tt0152836,https://en.wikipedia.org/wiki/Taal_(film)
49.81,Biwi No. 1,Biwi No.1,"Anil Kapoor, Salman Khan, Karisma Kapoor, Tabu, Sushmita Sen",David Dhawan,Tips Industries,Is A 1999 Indian Hindi-Language Comedy,12,3.15,37.81,217.0,Comedy,,1999,4.36,tt0207341,https://en.wikipedia.org/wiki/Biwi_No.1
36.65,Hum Aapke Dil Mein Rehte Hain,Hum Aapke Dil Mein Rehte Hain,"Anil Kapoor, Kajol",Satish Kaushik,Melody International,999 Indian Hindi-Language Romantic Drama,6.25,4.86,30.4,159.7,Romance,,1999,4.36,tt0189592,https://en.wikipedia.org/wiki/Hum_Aapke_Dil_Mein_Rehte_Hain
33.46,Sarfarosh,Sarfarosh,"Naseeruddin Shah, Aamir Khan, Sonali Bendre",John Matthew Matthan,Eros Entertainment,99 Indian Hindi-Language Action Thriller,8,3.18,25.46,145.8,Action-thriller,,1999,4.36,tt0187485,https://en.wikipedia.org/wiki/Sarfarosh_(1999_film)
31.6,Baadshah,Baadshah,"Shah Rukh Khan, Twinkle Khanna, Rakhee Gulzar, Amrish Puri, Johnny Lever, Razak Khan",Abbas‚ÄìMustan,B4U Films,1999 Indian Hindi-Language Action Comedy,11,1.87,20.6,137.7,Masala,Maybe,1999,4.36,tt0211934,https://en.wikipedia.org/wiki/Baadshah_(1999_film)
28.87,Kachche Dhaage,Kachche Dhaage,"Ajay Devgn, Saif Ali Khan, Manisha Koirala, Namrata Shirodkar",Milan Luthria,Tips Music Films,99 Indian Hindi-Language Action Thriller,10,1.89,18.87,125.8,Action-thriller,,1999,4.36,tt0206067,https://en.wikipedia.org/wiki/Kachche_Dhaage
27.16,Haseena Maan Jaayegi,Haseena Maan Jaayegi,"Govinda, Sanjay Dutt, Karisma Kapoor, Pooja Batra",David Dhawan,Eros International,Hindi-language comedy film,9,2.02,18.16,118.3,Comedy,,1999,4.36,tt0267548,https://en.wikipedia.org/wiki/Haseena_Maan_Jaayegi
107,Kuch Kuch Hota Hai,Kuch Kuch Hota Hai,"Shah Rukh Khan, Kajol, Rani Mukerji, Salman Khan, Sana Saeed",Karan Johar,Yash Raj Films,Romantic Comedy-Drama,10,9.70,97,487.9,Rom-com,,1998,4.56,tt0172684,https://en.wikipedia.org/wiki/Kuch_Kuch_Hota_Hai
38.88,Soldier,Soldier,"Bobby Deol, Preity Zinta",Abbas–Mustan,"Tips Industries, Eros Entertainment",action thriller film,8.25,3.71,30.63,177.3,Action-thriller,,1998,4.56,tt0211634,https://en.wikipedia.org/wiki/Soldier_(1998_Indian_film)
38.27,Pyaar to Hona Hi Tha,Pyaar To Hona Hi Tha,"Ajay Devgn, Kajol",Anees Bazmee,Videosound,98 Indian Hindi-Language Romantic Comedy,7.5,4.10,30.77,174.5,Rom-com,,1998,4.56,tt0173081,https://en.wikipedia.org/wiki/Pyaar_To_Hona_Hi_Tha
35.21,Bade Miyan Chote Miyan,Bade Miyan Chote Miyan,"Amitabh Bachchan, Govinda, Ramya Krishnan, Raveena Tandon, Paresh Rawal, Anupam Kher, Satish Kaushik, Sharat Saxena",David Dhawan,,1998 Indian Hindi-Language Action Comedy,12,1.93,23.21,160.6,Masala,,1998,4.56,tt0118673,https://en.wikipedia.org/wiki/Bade_Miyan_Chote_Miyan_(2024_film)
33.36,Pyaar Kiya To Darna Kya,Pyaar  Kiya To Darna Kya,"Salman Khan, Kajol, Arbaaz Khan, Dharmendra",Sohail Khan,T-Series FilmsEros Media,98 Indian Hindi-Language Romantic Comedy,7.75,3.30,25.61,152.1,Rom-com,,1998,4.56,tt0261214,https://en.wikipedia.org/wiki/Pyaar_Kiya_To_Darna_Kya_(1998_film)
24.2,Ghulam,Ghulam,"Aamir Khan, Rani Mukerji, Ashutosh Rana, Deepak Tijori, Rajit Kapoor, Akshay Anand",Vikram Bhatt,Vishesh Films,Is A 1998 Indian Hindi-Language Action,7.2,2.36,17,110.4,Action,,1998,4.56,tt0190419,https://en.wikipedia.org/wiki/Ghulam_(film)
22.17,Dulhe Raja,Dulhe Raja,"Govinda, Raveena Tandon, Kader Khan, Prem Chopra, Johnny Lever",Harmesh Malhotra,,98 Indian Hindi-Language Romantic Comedy,5,3.43,17.17,101.1,Rom-com,,1998,4.56,tt0210659,https://en.wikipedia.org/wiki/Dulhe_Raja
71.86,Dil to Pagal Hai,Dil To Pagal Hai,"Shah Rukh Khan, Madhuri Dixit, Karisma Kapoor, Akshay Kumar",Yash Chopra,Yash Raj Films,97 Indian Hindi-Language Musical Romance,9,6.98,62.86,371.0,Romance,,1997,5.16,tt0118983,https://en.wikipedia.org/wiki/Dil_To_Pagal_Hai
65.57,Border,Border,"Sunny Deol, Jackie Shroff, Suniel Shetty, Akshaye Khanna, Puneet Issar, Sudesh Berry, Kulbhushan Kharbanda",J. P. Dutta,J. P. Films,97 Indian Hindi-Language Epic Action War,10,5.56,55.57,338.6,Action,,1997,5.16,tt0118751,https://en.wikipedia.org/wiki/Border_(1997_film)
45.61,Ishq,Ishq,"Aamir Khan, Ajay Devgn, Juhi Chawla, Kajol",Indra Kumar,Eros International,1997 Hindi-Language Romantic Masala,11,3.15,34.61,235.5,Masala,,1997,5.16,tt0133024,https://en.wikipedia.org/wiki/Ishq_(1997_film)
40.95,Pardes,Pardes,"Shah Rukh Khan, Mahima Chaudhry, Apurva Agnihotri, Amrish Puri, Alok Nath, Himani Shivpuri",Subhash Ghai,,97 Indian Hindi-Language Musical Romance,10,3.10,30.95,211.4,Romance,,1997,5.16,tt0119861,https://en.wikipedia.org/wiki/Pardes_(1997_film)
33.23,Gupt: The Hidden Truth,Gupt: The Hidden Truth,"Bobby Deol, Manisha Koirala, Kajol",Rajiv Rai,Zee TelefilmsEros Entertainment,97 Indian Hindi-Language Action Thriller,9.5,2.50,23.73,171.6,Action-thriller,,1997,5.16,tt0119239,https://en.wikipedia.org/wiki/Gupt:_The_Hidden_Truth
32.43,Ziddi,Ziddi,"Sunny Deol, Raveena Tandon, Raj Babbar, Ashish Vidyarthi",Guddu Dhanoa,Ratan International,Is A 1997 Indian Action,7.5,3.32,24.93,167.4,Action,,1997,5.16,tt0058772,https://en.wikipedia.org/wiki/Ziddi_(1997_film)
30.95,Hero No. 1,Hero No. 1,"Govinda, Karisma Kapoor, Paresh Rawal",David Dhawan,S K Enterprise haslingden LTD,Bollywood dramedy film,6.75,3.59,24.2,159.8,Comedy-drama,,1997,5.16,tt0119285,https://en.wikipedia.org/wiki/Hero_No._1
28.04,Judaai,Judaai,"Anil Kapoor, Sridevi, Urmila Matondkar",Raj Kanwar,S.K. Film EnterprisesEros Entertainment,997 Indian Hindi-Language Romantic Drama,6,3.67,22.04,144.8,Drama,,1997,5.16,tt0260112,https://en.wikipedia.org/wiki/Judaai_(1997_film)
24.33,Deewana Mastana,Deewana Mastana,"Govinda, Anil Kapoor, Juhi Chawla, Johnny Lever, Anupam Kher, Saeed Jaffrey",David Dhawan,M.K.D. Films Combine,97 Indian Hindi-Language Romantic Comedy,7,2.48,17.33,125.6,Rom-com,,1997,5.16,tt0118957,https://en.wikipedia.org/wiki/Deewana_Mastana
24.28,Judwaa,Judwaa,"Salman Khan, Karisma Kapoor, Rambha",David Dhawan,Nadiadwala Grandson Entertainment,1997 Indian Hindi-Language Action Comedy,6.25,2.88,18.03,125.4,Masala,,1997,5.16,tt0119428,https://en.wikipedia.org/wiki/Judwaa
23,Yes Boss,Yes Boss,"Aditya Pancholi, Shah Rukh Khan, Juhi Chawla",Aziz Mirza,B4U Films,97 Indian Hindi-Language Romantic Comedy,5,3.60,18,118.8,Rom-com,,1997,5.16,tt0120540,https://en.wikipedia.org/wiki/Yes_Boss_(film)
76.34,Raja Hindustani,Raja Hindustani,"Aamir Khan, Karisma Kapoor",Dharmesh Darshan,Tips IndustriesEros International,996 Indian Hindi-Language Romantic Drama,5.75,12.28,70.59,422.4,Romance,,1996,5.53,tt0117437,https://en.wikipedia.org/wiki/Raja_Hindustani
32.7,Ghatak: Lethal,Ghatak,"Sunny Deol, Meenakshi Seshadri, Amrish Puri, Danny Denzongpa",Rajkumar Santoshi,B4U Entertainment,1996 Hindi-Language Action Thriller,6.2,4.27,26.5,180.9,Action-thriller,,1996,5.53,tt0116407,https://en.wikipedia.org/wiki/Ghatak:_Lethal
31.34,Agni Sakshi,Agni Sakshi,"Jackie Shroff, Nana Patekar, Manisha Koirala",Partho Ghosh,Eros International,996 Indian Hindi-Language Thriller Drama,4.75,5.60,26.59,173.4,Thriller,,1996,5.53,tt0115484,https://en.wikipedia.org/wiki/Agni_Sakshi_(1996_film)
28.61,Jeet,Jeet,"Sunny Deol, Salman Khan, Karisma Kapoor",Raj Kanwar,Tips IndustriesShemaroo EntertainmentSony Pictures,96 Indian Hindi-Language Romantic Action,7.25,2.95,21.36,158.3,Romance-action,,1996,5.53,tt0357811,https://en.wikipedia.org/wiki/Jeet_(1996_film)
25.15,Khiladiyon Ka Khiladi,Khiladiyon Ka Khiladi,"Rekha, Akshay Kumar, Raveena Tandon",Umesh Mehra,Eros International,Hindi-language action thriller film,6.75,2.73,18.4,139.2,Action-thriller,,1996,5.53,tt0246729,https://en.wikipedia.org/wiki/Khiladiyon_Ka_Khiladi
23.55,Saajan Chale Sasural,Saajan Chale Sasural,"Govinda, Tabu, Karisma Kapoor, Satish Kaushik",David Dhawan,,96 Indian Hindi-Language Romantic Comedy,4.5,4.23,19.05,130.3,Rom-com,,1996,5.53,tt0246905,https://en.wikipedia.org/wiki/Saajan_Chale_Sasural
20.67,Bandit Queen,Bandit Queen,"Seema Biswas, Nirmal Pandey",Shekhar Kapur,Amitabh Bachchan Corporation Limited,Hindi-language biographical action-adventure film,3.25,5.36,17.42,114.4,Biography,,1996,5.53,tt0109206,https://en.wikipedia.org/wiki/Bandit_Queen
103.17,Dilwale Dulhania Le Jayenge,Dilwale Dulhania Le Jayenge,"Shah Rukh Khan, Kajol",Aditya Chopra,Yash Raj Films,95 Indian Hindi-Language Musical Romance,4,24.79,99.17,622.1,Romance,,1995,6.03,tt0112870,https://en.wikipedia.org/wiki/Dilwale_Dulhania_Le_Jayenge
43.63,Karan Arjun,Karan Arjun,"Salman Khan, Shah Rukh Khan, Raakhee, Mamta Kulkarni, Kajol, Amrish Puri",Rakesh Roshan,Digital Entertainment (DEI)Eros EntertainmentRapid Eye Movies(Original Run)Pen Marudhar Entertainment(Re-Release),Fantasy Action Thriller,6,6.27,37.63,263.1,Action-thriller,,1995,6.03,tt0113526,https://en.wikipedia.org/wiki/Karan_Arjun
34.68,Raja,Raja,"Madhuri Dixit, Sanjay Kapoor, Paresh Rawal",Indra Kumar,,Action Romantic Drama,4.25,7.16,30.43,209.1,Romance-action,,1995,6.03,tt0256300,https://en.wikipedia.org/wiki/Raja_(1995_film)
34,Barsaat,Barsaat,"Bobby Deol, Twinkle Khanna, Raj Babbar, Mukesh Khanna, Danny Denzongpa",Rajkumar Santoshi,Vijayta Films,95 Indian Hindi-Language Romantic Action,8.25,3.12,25.75,205.0,Romance-action,,1995,6.03,tt0112459,https://en.wikipedia.org/wiki/Barsaat_(1995_film)
33.4,Rangeela,Rangeela,"Aamir Khan, Urmila Matondkar, Jackie Shroff",Ram Gopal Varma,,95 Indian Hindi-Language Romantic Comedy,4.5,6.42,28.9,201.4,Rom-com,,1995,6.03,tt0114234,https://en.wikipedia.org/wiki/Rangeela_(1995_film)
21.22,Coolie No. 1,Coolie No. 1,"Govinda, Karisma Kapoor, Harish Kumar, Kanchan, Kader Khan, Mahesh Anand, Sadashiv Amrapurkar, Shakti Kapoor",David Dhawan,Tips Industries LimitedTips Music FilmsS.K. Enterprises Ltd.,1 Is A 1995 Indian Hindi-Language Masala,3.5,5.06,17.72,128.0,Masala,,1995,6.03,tt0101616,https://en.wikipedia.org/wiki/Coolie_No._1_(1995_film)
16.05,Sabse Bada Khiladi,Sabse Bada Khiladi,"Akshay Kumar, Mamta Kulkarni, Mohnish Behl, Gulshan Grover, Sadashiv Amrapurkar",Umesh Mehra,Time Magnetics, action thriller film ,4,3.01,12.05,96.8,Action-thriller,,1995,6.03,tt0114317,https://en.wikipedia.org/wiki/Sabse_Bada_Khiladi
15.19,Ram Jaane: God Knows,Ram Jaane,"Shah Rukh Khan, Juhi Chawla, Vivek Mushran, Pankaj Kapur",Rajiv Mehra,Eagle Films,action thriller film,3.75,3.05,11.44,91.6,Action-thriller,,1995,6.03,tt0114231,https://en.wikipedia.org/wiki/Ram_Jaane